Exchange,Symbol
NSE,MRF
NSE,PAGEIND
NSE,SHREECEM
NSE,NESTLEIND
NSE,ABBOTINDIA
NSE,BOSCHLTD
NSE,MARUTI
NSE,ULTRACEMCO
NSE,BAJFINANCE
NSE,ATUL
NSE,PERSISTENT
NSE,DRREDDY
NSE,BAJAJ-AUTO
NSE,DIXON
NSE,APOLLOHOSP
NSE,LTIM
NSE,POLYCAB
NSE,COFORGE
NSE,BRITANNIA
NSE,NAUKRI
NSE,ABB
NSE,ALKEM
NSE,LTTS
NSE,OFSS
NSE,PIIND
NSE,NAVINFLUOR
NSE,EICHERMOT
NSE,DIVISLAB
NSE,JKCEMENT
NSE,SIEMENS
NSE,TCS
NSE,TITAN
NSE,HEROMOTOCO
NSE,ESCORTS
NSE,ASIANPAINT
NSE,LT
NSE,HDFCAMC
NSE,LALPATHLAB
NSE,INDIAMART
NSE,BALKRISIND
NSE,INDIGO
NSE,TRENT
NSE,HINDUNILVR
NSE,MCX
NSE,PIDILITIND
NSE,SRF
NSE,RELIANCE
NSE,ADANIENT
NSE,MPHASIS
NSE,COLPAL
NSE,DALBHARAT
NSE,DEEPAKNTR
NSE,TORNTPHARM
NSE,HAL
NSE,SHRIRAMFIN
NSE,GRASIM
NSE,ASTRAL
NSE,ACC
NSE,GODREJPROP
NSE,CUMMINSIND
NSE,KOTAKBANK
NSE,TATACOMM
NSE,PVRINOX
NSE,TVSMOTOR
NSE,METROPOLIS
NSE,UBL
NSE,BAJAJFINSV
NSE,BATAINDIA
NSE,M&M
NSE,INDUSINDBK
NSE,HDFCBANK
NSE,INFY
NSE,ICICIGI
NSE,SBILIFE
NSE,MUTHOOTFIN
NSE,HCLTECH
NSE,OBEROIRLTY
NSE,HAVELLS
NSE,CIPLA
NSE,LUPIN
NSE,SUNPHARMA
NSE,CHOLAFIN
NSE,TECHM
NSE,COROMANDEL
NSE,MCDOWELL-N
NSE,IPCALAB
NSE,BHARATFORG
NSE,MGL
NSE,RAMCOCEM
NSE,AXISBANK
NSE,GODREJCP
NSE,PEL
NSE,TATACHEM
NSE,AUROPHARMA
NSE,ICICIBANK
NSE,BHARTIARTL
NSE,MFSL
NSE,TATACONSUM
NSE,VOLTAS
NSE,ADANIPORTS
NSE,GLENMARK
NSE,CANFINHOME
NSE,JSWSTEEL
NSE,SBICARD
NSE,CONCOR
NSE,SYNGENE
NSE,AUBANK
NSE,GNFC
NSE,IRCTC
NSE,SUNTV
NSE,TATAMOTORS
NSE,JINDALSTEL
NSE,HDFCLIFE
NSE,ZYDUSLIFE
NSE,DLF
NSE,BSOFT
NSE,BERGEPAINT
NSE,SBIN
NSE,UPL
NSE,DABUR
NSE,ICICIPRULI
NSE,MARICO
NSE,AARTIIND
NSE,JUBLFOOD
NSE,HINDALCO
NSE,LICHSGFIN
NSE,ITC
NSE,BALRAMCHIN
NSE,AMBUJACEM
NSE,APOLLOTYRE
NSE,GUJGASLTD
NSE,INDHOTEL
NSE,IGL
NSE,CANBK
NSE,BPCL
NSE,WIPRO
NSE,GRANULES
NSE,LAURUSLABS
NSE,COALINDIA
NSE,RECLTD
NSE,CHAMBLFERT
NSE,HINDPETRO
NSE,CROMPTON
NSE,PFC
NSE,M&MFIN
NSE,EXIDEIND
NSE,ZEEL
NSE,TATAPOWER
NSE,RBLBANK
NSE,NTPC
NSE,VEDL
NSE,BIOCON
NSE,BANDHANBNK
NSE,ABFRL
NSE,INDIACEM
NSE,POWERGRID
NSE,PETRONET
NSE,BANKBARODA
NSE,ONGC
NSE,INDUSTOWER
NSE,ABCAPITAL
NSE,ASHOKLEY
NSE,IBULHSGFIN
NSE,NMDC
NSE,FEDERALBNK
NSE,HINDCOPPER
NSE,CUB
NSE,L&TFH
NSE,DELTACORP
NSE,MANAPPURAM
NSE,BEL
NSE,IEX
NSE,BHEL
NSE,GAIL
NSE,TATASTEEL
NSE,IDFC
NSE,IOC
NSE,NATIONALUM
NSE,MOTHERSON
NSE,SAIL
NSE,IDFCFIRSTB
NSE,PNB
NSE,GMRINFRA
NSE,IDEA
